{"cameraMode":{"drawMode":0,"name":"Shaded","section":"Shading Mode"},"sceneLighting":true,"audioPlay":false,"sceneViewState":{"showFog":true,"showMaterialUpdate":false,"showSkybox":true,"showFlares":true,"showImageEffects":true,"showParticleSystems":true},"in2DMode":false,"pivot":{"x":10.252618789672852,"y":6.290345191955566,"z":10.55996036529541},"rotation":{"x":-0.07608068734407425,"y":0.8971530199050903,"z":-0.17050382494926454,"w":-0.40032070875167849},"size":2.8578836917877199,"orthographic":false}