{"cameraMode":{"drawMode":0,"name":"Shaded","section":"Shading Mode"},"sceneLighting":true,"audioPlay":false,"sceneViewState":{"showFog":false,"showMaterialUpdate":false,"showSkybox":true,"showFlares":true,"showImageEffects":true,"showParticleSystems":true},"in2DMode":false,"pivot":{"x":-3.83087158203125,"y":15.20676040649414,"z":-5.532196044921875},"rotation":{"x":0.25451377034187319,"y":0.20419372618198396,"z":-0.0550394244492054,"w":0.9438008069992065},"size":251.87164306640626,"orthographic":false}